type,name,module,path,hash
"csv","agent-manifest","_cfg","bmad/_cfg/agent-manifest.csv","9e72d11a383266c0289ecda65a354fea93cfe35caa95eeda2053e9fac0fab664"
"csv","task-manifest","_cfg","bmad/_cfg/task-manifest.csv","1b0d3acf837d6aa434b4b910f39e79d55149915e53dd817219238827aeeba482"
"csv","workflow-manifest","_cfg","bmad/_cfg/workflow-manifest.csv","d7a8750a2e8e0f4601a8c2d127bf27e42be29b86d81b23a1270200416f14b0d9"
"yaml","manifest","_cfg","bmad/_cfg/manifest.yaml","bc881ea71756418d2511bc7bbd3d7a4416d1b6afe0dba9e049be23765fdb7322"
"csv","documentation-requirements","bmm","bmad/bmm/workflows/document-project/documentation-requirements.csv","d1253b99e88250f2130516b56027ed706e643bfec3d99316727a4c6ec65c6c1d"
"csv","pattern-categories","bmm","bmad/bmm/workflows/3-solutioning/architecture/pattern-categories.csv","d9a275931bfed32a65106ce374f2bf8e48ecc9327102a08f53b25818a8c78c04"
"csv","tea-index","bmm","bmad/bmm/testarch/tea-index.csv","23b0e383d06e039a77bb1611b168a2bb5323ed044619a592ac64e36911066c83"
"json","project-scan-report-schema","bmm","bmad/bmm/workflows/document-project/templates/project-scan-report-schema.json","53255f15a10cab801a1d75b4318cdb0095eed08c51b3323b7e6c236ae6b399b7"
"md","analyst","bmm","bmad/bmm/agents/analyst.md","df273f9490365a8f263c13df57aa2664e078d3c9bf74c2a564e7fc44278c2fe0"
"md","architect","bmm","bmad/bmm/agents/architect.md","4e95ca5dcc095e5f0afcaffa2787bb04f7e72c47bb2dfcd8494866e8bed49d6f"
"md","architecture-template","bmm","bmad/bmm/workflows/3-solutioning/architecture/architecture-template.md","ff06f0debe6a15cfaf1c1d0c5a6a8cea8dc857e5a1a9fdf47f664c8b739778c9"
"md","atdd-checklist-template","bmm","bmad/bmm/workflows/testarch/atdd/atdd-checklist-template.md","c7149871527925ba43036e81641715294050137cba0dc6a16fd5684dd72bab34"
"md","AUDIT-REPORT","bmm","bmad/bmm/workflows/4-implementation/dev-story/AUDIT-REPORT.md","809706c392b01e43e2dd43026c803733002bf8d8a71ba9cd4ace26cd4787fce5"
"md","backlog_template","bmm","bmad/bmm/workflows/4-implementation/code-review/backlog_template.md","84b1381c05012999ff9a8b036b11c8aa2f926db4d840d256b56d2fa5c11f4ef7"
"md","bmm-competitor-analyzer","bmm","bmad/bmm/workflows/1-analysis/research/claude-code/sub-agents/bmm-competitor-analyzer.md","82d80930d8ed89d3b58616e53fc6f6f2788fd2fe88a08cff41a1500ff640201c"
"md","bmm-data-analyst","bmm","bmad/bmm/workflows/1-analysis/research/claude-code/sub-agents/bmm-data-analyst.md","a50ddc2dca39cc36289a43ff9c635ab5304e50b60174fa4fc34254d86464599e"
"md","bmm-market-researcher","bmm","bmad/bmm/workflows/1-analysis/research/claude-code/sub-agents/bmm-market-researcher.md","8993d2b104e1aca7b9407d9ab1af8958397c7abdf673b68756747f6d795ae929"
"md","bmm-trend-spotter","bmm","bmad/bmm/workflows/1-analysis/research/claude-code/sub-agents/bmm-trend-spotter.md","375ec3502fadd7f8e2403e71707ece5bbad703ee60360c068f9cf90fe409d6fa"
"md","bmm-user-researcher","bmm","bmad/bmm/workflows/1-analysis/research/claude-code/sub-agents/bmm-user-researcher.md","7f4733add8e3d89546e9769a7b0d259d73c262876ac64aff04d51e3094032afb"
"md","checklist","bmm","bmad/bmm/workflows/1-analysis/product-brief/checklist.md","d801d792e3cf6f4b3e4c5f264d39a18b2992a197bc347e6d0389cc7b6c5905de"
"md","checklist","bmm","bmad/bmm/workflows/1-analysis/research/checklist.md","0524c5a0ea841d9b98b6f5a5cec095d0ecbd35779aa0ae079f6a81d36af16389"
"md","checklist","bmm","bmad/bmm/workflows/2-plan-workflows/create-ux-design/checklist.md","1aa5bc2ad9409fab750ce55475a69ec47b7cdb5f4eac93b628bb5d9d3ea9dacb"
"md","checklist","bmm","bmad/bmm/workflows/2-plan-workflows/narrative/checklist.md","9bcfa41212cd74869199dba1a7d9cd5691e2bbc49e6b74b11e51c32955477524"
"md","checklist","bmm","bmad/bmm/workflows/2-plan-workflows/prd/checklist.md","b4ec310c7d573c7cfba5a37023c57a68a5364a04ab9129de3029e3f3fb6b9f5e"
"md","checklist","bmm","bmad/bmm/workflows/2-plan-workflows/tech-spec/checklist.md","4342858088706451ef60ae8d5aa9125bc1df79734b05d2dbd33660a346b73b7e"
"md","checklist","bmm","bmad/bmm/workflows/3-solutioning/architecture/checklist.md","aa0bd2bde20f45be77c5b43c38a1dfb90c41947ff8320f53150c5f8274680f14"
"md","checklist","bmm","bmad/bmm/workflows/3-solutioning/solutioning-gate-check/checklist.md","c458763b4f2f4e06e2663c111eab969892ee4e690a920b970603de72e0d9c025"
"md","checklist","bmm","bmad/bmm/workflows/4-implementation/code-review/checklist.md","549f958bfe0b28f33ed3dac7b76ea8f266630b3e67f4bda2d4ae85be518d3c89"
"md","checklist","bmm","bmad/bmm/workflows/4-implementation/correct-course/checklist.md","33b2acfcc8fdbab18637218f6c6d16055e0004f0d818f993b0a6aeafac1f6112"
"md","checklist","bmm","bmad/bmm/workflows/4-implementation/create-story/checklist.md","e3a636b15f010fc0c337e35c2a9427d4a0b9746f7f2ac5dda0b2f309f469f5d1"
"md","checklist","bmm","bmad/bmm/workflows/4-implementation/dev-story/checklist.md","77cecc9d45050de194300c841e7d8a11f6376e2fbe0a5aac33bb2953b1026014"
"md","checklist","bmm","bmad/bmm/workflows/4-implementation/epic-tech-context/checklist.md","5e90dc12e01ba5f00301a6724fdac5585596fd6dfc670913938e9e92cdca133a"
"md","checklist","bmm","bmad/bmm/workflows/4-implementation/sprint-planning/checklist.md","80b10aedcf88ab1641b8e5f99c9a400c8fd9014f13ca65befc5c83992e367dd7"
"md","checklist","bmm","bmad/bmm/workflows/4-implementation/story-context/checklist.md","89c90d004e0649624a533d09604384c297b2891847c87cf1dcb358e9c8d0d723"
"md","checklist","bmm","bmad/bmm/workflows/document-project/checklist.md","54e260b60ba969ecd6ab60cb9928bc47b3733d7b603366e813eecfd9316533df"
"md","checklist","bmm","bmad/bmm/workflows/testarch/atdd/checklist.md","c4fa594d949dd8f1f818c11054b28643b458ab05ed90cf65f118deb1f4818e9f"
"md","checklist","bmm","bmad/bmm/workflows/testarch/automate/checklist.md","bf1ae220c15c9f263967d1606658b19adcd37d57aef2b0faa30d34f01e5b0d22"
"md","checklist","bmm","bmad/bmm/workflows/testarch/ci/checklist.md","b0a6233b7d6423721aa551ad543fa708ede1343313109bdc0cbd37673871b410"
"md","checklist","bmm","bmad/bmm/workflows/testarch/framework/checklist.md","d0f1008c374d6c2d08ba531e435953cf862cc280fcecb0cca8e9028ddeb961d1"
"md","checklist","bmm","bmad/bmm/workflows/testarch/nfr-assess/checklist.md","044416df40402db39eb660509eedadafc292c16edc247cf93812f2a325ee032c"
"md","checklist","bmm","bmad/bmm/workflows/testarch/test-design/checklist.md","17b95b1b316ab8d2fc9a2cd986ec5ef481cb4c285ea11651abd53c549ba762bb"
"md","checklist","bmm","bmad/bmm/workflows/testarch/test-review/checklist.md","0626c675114c23019e20e4ae2330a64baba43ad11774ff268c027b3c584a0891"
"md","checklist","bmm","bmad/bmm/workflows/testarch/trace/checklist.md","a4468ae2afa9cf676310ec1351bb34317d5390e4a02ded9684cc15a62f2fd4fd"
"md","ci-burn-in","bmm","bmad/bmm/testarch/knowledge/ci-burn-in.md","de0092c37ea5c24b40a1aff90c5560bbe0c6cc31702de55d4ea58c56a2e109af"
"md","component-tdd","bmm","bmad/bmm/testarch/knowledge/component-tdd.md","88bd1f9ca1d5bcd1552828845fe80b86ff3acdf071bac574eda744caf7120ef8"
"md","contract-testing","bmm","bmad/bmm/testarch/knowledge/contract-testing.md","d8f662c286b2ea4772213541c43aebef006ab6b46e8737ebdc4a414621895599"
"md","data-factories","bmm","bmad/bmm/testarch/knowledge/data-factories.md","d7428fe7675da02b6f5c4c03213fc5e542063f61ab033efb47c1c5669b835d88"
"md","deep-dive-instructions","bmm","bmad/bmm/workflows/document-project/workflows/deep-dive-instructions.md","5df994e4e77a2a64f98fb7af4642812378f15898c984fb4f79b45fb2201f0000"
"md","deep-dive-template","bmm","bmad/bmm/workflows/document-project/templates/deep-dive-template.md","6198aa731d87d6a318b5b8d180fc29b9aa53ff0966e02391c17333818e94ffe9"
"md","dev","bmm","bmad/bmm/agents/dev.md","d469f26d85f6b7e02a7a0198a294ccaa7f5d19cb1db6ca5cc4ddc64971fe2278"
"md","email-auth","bmm","bmad/bmm/testarch/knowledge/email-auth.md","43f4cc3138a905a91f4a69f358be6664a790b192811b4dfc238188e826f6b41b"
"md","epics-template","bmm","bmad/bmm/workflows/2-plan-workflows/prd/epics-template.md","01b8a6e6febdb6c96848ce3fee71458d31f11910e90bd7e01b7ed3200b88644d"
"md","epics-template","bmm","bmad/bmm/workflows/2-plan-workflows/tech-spec/epics-template.md","dc49a7e00debebda36a9762756cead9406e8e0a5e09315cbed35cea5bb3503db"
"md","error-handling","bmm","bmad/bmm/testarch/knowledge/error-handling.md","8a314eafb31e78020e2709d88aaf4445160cbefb3aba788b62d1701557eb81c1"
"md","feature-flags","bmm","bmad/bmm/testarch/knowledge/feature-flags.md","f6db7e8de2b63ce40a1ceb120a4055fbc2c29454ad8fca5db4e8c065d98f6f49"
"md","fixture-architecture","bmm","bmad/bmm/testarch/knowledge/fixture-architecture.md","a3b6c1bcaf5e925068f3806a3d2179ac11dde7149e404bc4bb5602afb7392501"
"md","full-scan-instructions","bmm","bmad/bmm/workflows/document-project/workflows/full-scan-instructions.md","f51b4444c5a44f098ce49c4ef27a50715b524c074d08c41e7e8c982df32f38b9"
"md","index-template","bmm","bmad/bmm/workflows/document-project/templates/index-template.md","42c8a14f53088e4fda82f26a3fe41dc8a89d4bcb7a9659dd696136378b64ee90"
"md","instructions","bmm","bmad/bmm/workflows/1-analysis/brainstorm-project/instructions.md","990e98596dc82f5e6c044ea8a833638c8cde46b1a10b1eb4fa8df347568bd881"
"md","instructions","bmm","bmad/bmm/workflows/1-analysis/product-brief/instructions.md","d65a6a7248a51bf3388e9a3fb951d78453544cd2c27e49bfb45d28ed412211ac"
"md","instructions","bmm","bmad/bmm/workflows/2-plan-workflows/create-ux-design/instructions.md","b33176a58360a8ad43bc089da2e421b8552ba4cf78aa271da2f3cb7547918c63"
"md","instructions","bmm","bmad/bmm/workflows/2-plan-workflows/prd/instructions.md","6eb918cbf691e9548b7067a0bd887e847400a1c4a99c7a4d926ee207b375fbce"
"md","instructions","bmm","bmad/bmm/workflows/2-plan-workflows/tech-spec/instructions.md","a122e53dd11b48b34e3163ec2ed5f903480b143949aaa1abb75f5cc8dff4081c"
"md","instructions","bmm","bmad/bmm/workflows/3-solutioning/architecture/instructions.md","f887598cdd60c4d202152755a8ee4448906ec82b71f082d7cc5b2d6ec2f34071"
"md","instructions","bmm","bmad/bmm/workflows/3-solutioning/solutioning-gate-check/instructions.md","db63d5eea3bed0146d71a19f6629e91f4a534c14ef5154b3ca29347d00cf9a1c"
"md","instructions","bmm","bmad/bmm/workflows/4-implementation/code-review/instructions.md","e3a68e0d4c51dfaec154a69989cf78d53deaadcd7823a6bfcdb1d63cf5ae9523"
"md","instructions","bmm","bmad/bmm/workflows/4-implementation/correct-course/instructions.md","5e8a3aa9b83166b3d5832ac9f5c8e6944328c26a6e4a399dce56916993b1709f"
"md","instructions","bmm","bmad/bmm/workflows/4-implementation/create-story/instructions.md","8a4f5699585b83dc6c0be7062aa788b527b4a05b60646a64d3d1da88238860ed"
"md","instructions","bmm","bmad/bmm/workflows/4-implementation/dev-story/instructions.md","2571d592d5e69ea470840013c6e6e9a06b7dd3361782a202503aa1c21b6c0720"
"md","instructions","bmm","bmad/bmm/workflows/4-implementation/epic-tech-context/instructions.md","76df354883967beefbb36daeb970f0185e9610fb5c6e18448701cebc3d0b97f1"
"md","instructions","bmm","bmad/bmm/workflows/4-implementation/retrospective/instructions.md","19bebe04bd5e99f5c6f9bc12e8f17e616f9b31b702d2b2780ffdcf3a076436b8"
"md","instructions","bmm","bmad/bmm/workflows/4-implementation/sprint-planning/instructions.md","2c7f9718f9e8b02a1ce6f5be163072588ce9a8066b05393bfa95d044bb6faeae"
"md","instructions","bmm","bmad/bmm/workflows/4-implementation/story-context/instructions.md","d71695307700adf091a6d158d94c23f000cb260965cc143d9e51e41f53e7354a"
"md","instructions","bmm","bmad/bmm/workflows/4-implementation/story-done/instructions.md","00e8b4b817b11a8bb1b7a3746fc9991c60acee1551c9de005c423ef9e670272f"
"md","instructions","bmm","bmad/bmm/workflows/4-implementation/story-ready/instructions.md","da51e57c470e7561d61660260d0e5661dd3a269a772ae180910abe5269d9d537"
"md","instructions","bmm","bmad/bmm/workflows/document-project/instructions.md","150154d560155635b7036043bb4c8ee99f52e4a34d1c9db13e955abc69a0452a"
"md","instructions","bmm","bmad/bmm/workflows/testarch/atdd/instructions.md","afed355e21b2592c2bfe6ce71c64f6556deb082c865208613427a33e5daa61e3"
"md","instructions","bmm","bmad/bmm/workflows/testarch/automate/instructions.md","43958a5fb17e5514101656720add81ae30dc7b38b5e0df596df4b7167d8cc059"
"md","instructions","bmm","bmad/bmm/workflows/testarch/ci/instructions.md","2dbb3687ec7423d01ae29ef0f67400b0df56756a7c0041ef367d6c95b6f695c2"
"md","instructions","bmm","bmad/bmm/workflows/testarch/framework/instructions.md","2bbaaa5559917cb2f5da2121df763893dc4ccd703afc385d9d71b5b379a798e8"
"md","instructions","bmm","bmad/bmm/workflows/testarch/nfr-assess/instructions.md","a3838c8e5dcb1735962176aa07cc8f7a1d5a1e1ad70207a27a8152015cfebbcb"
"md","instructions","bmm","bmad/bmm/workflows/testarch/test-design/instructions.md","b0e17d6cbc4852f4808ae891dc4c70d80cb7df267d1a5e4c138d8c92d12c1319"
"md","instructions","bmm","bmad/bmm/workflows/testarch/test-review/instructions.md","8e1ed220ae9fb0ea5eba0a75f7fc755b774d8c1cfbaf15c9b972fdbdab76d954"
"md","instructions","bmm","bmad/bmm/workflows/testarch/trace/instructions.md","e34afa60d1dc5810a37372f59cb37b4f42f08c811948968dddea9668b669b3d2"
"md","instructions","bmm","bmad/bmm/workflows/workflow-status/init/instructions.md","e6c1b26575cc2d4098340acd52821d8a790a216b26d24fcb7e8bbb70c4b328af"
"md","instructions","bmm","bmad/bmm/workflows/workflow-status/instructions.md","9706ab6bc6fe69cf519b6fc8f139349fb7aec18961a57c75082fcc586741d25c"
"md","instructions-deep-prompt","bmm","bmad/bmm/workflows/1-analysis/research/instructions-deep-prompt.md","e6b25bd9b56fdc034e35a8559c318bed6f8d3bffeea769cc0c0b9af85d6385aa"
"md","instructions-level0-story","bmm","bmad/bmm/workflows/2-plan-workflows/tech-spec/instructions-level0-story.md","e9662100b334e0c50098799d8dab138cf12852ef896a982df006e58318f41db9"
"md","instructions-level1-stories","bmm","bmad/bmm/workflows/2-plan-workflows/tech-spec/instructions-level1-stories.md","312bd0610f073adacf62e7901e200731f37ea982968c1c46c7d6b873b8e60598"
"md","instructions-market","bmm","bmad/bmm/workflows/1-analysis/research/instructions-market.md","99f0b0f632a7f441ef342bd73e07a699dcc8515697da9f287256bbb5e7775840"
"md","instructions-narrative","bmm","bmad/bmm/workflows/2-plan-workflows/narrative/instructions-narrative.md","882d72dbea480a5bd0387a9d062e668adb585b2ae5f1ac3fb0f292c00f45c0cc"
"md","instructions-router","bmm","bmad/bmm/workflows/1-analysis/research/instructions-router.md","31a1bed79ae715038ad59041e1c24cb99b5122ee86148c6fb3d5919617e82450"
"md","instructions-technical","bmm","bmad/bmm/workflows/1-analysis/research/instructions-technical.md","8457c00a72a97f3dad9768d42cba29ae8241f3e905bfdab2acbfdc32e2db5d92"
"md","narrative-template","bmm","bmad/bmm/workflows/2-plan-workflows/narrative/narrative-template.md","a97e07173c540f85e946eb9c525e1ccad9294ae5f970760f2a9c537b5c0dcd6b"
"md","network-first","bmm","bmad/bmm/testarch/knowledge/network-first.md","2920e58e145626f5505bcb75e263dbd0e6ac79a8c4c2ec138f5329e06a6ac014"
"md","nfr-criteria","bmm","bmad/bmm/testarch/knowledge/nfr-criteria.md","e63cee4a0193e4858c8f70ff33a497a1b97d13a69da66f60ed5c9a9853025aa1"
"md","nfr-report-template","bmm","bmad/bmm/workflows/testarch/nfr-assess/nfr-report-template.md","b1d8fcbdfc9715a285a58cb161242dea7d311171c09a2caab118ad8ace62b80c"
"md","playwright-config","bmm","bmad/bmm/testarch/knowledge/playwright-config.md","42516511104a7131775f4446196cf9e5dd3295ba3272d5a5030660b1dffaa69f"
"md","pm","bmm","bmad/bmm/agents/pm.md","7e67d53f97bca5cbe516e4109a7267ce2e2ecd8c55be67bde8ae52282add3b4b"
"md","prd-template","bmm","bmad/bmm/workflows/2-plan-workflows/prd/prd-template.md","dabed6d227d6d8e98457f68a8f666a6effe3a78b374a5f937ccacc78ddf05216"
"md","probability-impact","bmm","bmad/bmm/testarch/knowledge/probability-impact.md","446dba0caa1eb162734514f35366f8c38ed3666528b0b5e16c7f03fd3c537d0f"
"md","project-context","bmm","bmad/bmm/workflows/1-analysis/brainstorm-project/project-context.md","0f1888da4bfc4f24c4de9477bd3ccb2a6fb7aa83c516dfdc1f98fbd08846d4ba"
"md","project-overview-template","bmm","bmad/bmm/workflows/document-project/templates/project-overview-template.md","a7c7325b75a5a678dca391b9b69b1e3409cfbe6da95e70443ed3ace164e287b2"
"md","README","bmm","bmad/bmm/README.md","9db1811ccd30467fbd59a38594d3150cf2050878381bda0d3adeeb9ecb591c54"
"md","README","bmm","bmad/bmm/testarch/README.md","2ae906adc1edde5ba3af2a20d78d9cef640897347ec46453233d611115c3e1ac"
"md","README","bmm","bmad/bmm/workflows/1-analysis/brainstorm-project/README.md","665846da7cec66cfdcd641272128a800a6ff43d94f9af4bcb3ddef93944f9d37"
"md","README","bmm","bmad/bmm/workflows/1-analysis/product-brief/README.md","e891a719ac22e5cd754b55efc7b2f367094c8fa00e802139b3cb1f9fabf1c559"
"md","README","bmm","bmad/bmm/workflows/1-analysis/research/README.md","e365d495308a23d6163f3353c4efa254ecaef0ef9ecf7427398509de751ca207"
"md","README","bmm","bmad/bmm/workflows/2-plan-workflows/README.md","d115f5ecd955fa82373eb713edb10e038be1360fe56384ada5187bd3c434f5f1"
"md","README","bmm","bmad/bmm/workflows/3-solutioning/README.md","d26584993cc212c082226afa7130e4208481043f3afed0cbbf83bf2e75cbfa65"
"md","README","bmm","bmad/bmm/workflows/3-solutioning/architecture/README.md","0f10f59151c849b344e20b32f6e242d87089a62f0e5248e702a142d8948bf44d"
"md","README","bmm","bmad/bmm/workflows/3-solutioning/solutioning-gate-check/README.md","ecab10e9f4b5d405358151fe8ce20a7c763ee66e6dd634c16b0194de99520da3"
"md","README","bmm","bmad/bmm/workflows/4-implementation/README.md","fcae4ac77a0e49114232656c29c1b676551ea16af65e027901cbfa36a1cefc9a"
"md","README","bmm","bmad/bmm/workflows/4-implementation/code-review/README.md","b02ce4e580cfdeeedc1c118e774902502a0546a93c2d3b7e88b668393ecd7565"
"md","README","bmm","bmad/bmm/workflows/4-implementation/correct-course/README.md","7d5324ef1abbb4b46da2f850e7b57ce8856a5c6b3f9b2af2804f9cd71f007d8f"
"md","README","bmm","bmad/bmm/workflows/4-implementation/create-story/README.md","a316100b40af184aac82b5f8fbbceff680345296a446fa142c96c8747a84b74f"
"md","README","bmm","bmad/bmm/workflows/4-implementation/dev-story/README.md","48886af58eacc0190d444eb8494f7ac3e0b5a467dfa738ab76f505d80c7dcc9d"
"md","README","bmm","bmad/bmm/workflows/4-implementation/epic-tech-context/README.md","37b8ca1271b0ce45c5437fb7488b8eecb0981f17c3d720c591e663dd0a22677a"
"md","README","bmm","bmad/bmm/workflows/4-implementation/retrospective/README.md","ae7e8503dabb3f8b9e21e662a8143a996b825a658f6e8feef53b43502246353c"
"md","README","bmm","bmad/bmm/workflows/4-implementation/sprint-planning/README.md","b64796d87e654343e6e1bb1a565bbc14ad511d892a318fdc5bdf785d58549aa5"
"md","README","bmm","bmad/bmm/workflows/4-implementation/story-context/README.md","aadd2d77c2c254a358a0b91f4db48a1ad69815226120fab74ebc40bc209f8246"
"md","README","bmm","bmad/bmm/workflows/README.md","47cc3d0d561f6343aa9e2f8a96bdfde1cc472d4124e67303752ff5de2432fd8d"
"md","README","bmm","bmad/bmm/workflows/document-project/README.md","592cb9ad4fe4b8a13b02cdfc1b35c152acb91c9563bf56802aa02b5c31a5dceb"
"md","README","bmm","bmad/bmm/workflows/document-project/templates/README.md","a5e3775d1dd3cf6958b782361229ad5602e55d140e8976f9c87e2051346d7e2a"
"md","README","bmm","bmad/bmm/workflows/testarch/README.md","2c425b38cc6229a82c21802cbff3e6e3a93c3b889228b3de63b21afca5ccc79d"
"md","README","bmm","bmad/bmm/workflows/testarch/atdd/README.md","8aa59b4a4d55c8cd21ffb41491c99ecf1ad9e78011e1926f5c54707c50a55fe0"
"md","README","bmm","bmad/bmm/workflows/testarch/automate/README.md","feb4661f378d00e4ec11142dd9fa71a658806b189bfa5fdda1759804f1ecc3d3"
"md","README","bmm","bmad/bmm/workflows/testarch/ci/README.md","4419f7bedf32d6c0625ff521189e1f34c067b455a93eb032ac8b44a4bf5f82ce"
"md","README","bmm","bmad/bmm/workflows/testarch/framework/README.md","45e223556745ebeb443beb2d326b20963175668bb5b28abd9934a6cf7c9115f9"
"md","README","bmm","bmad/bmm/workflows/testarch/nfr-assess/README.md","1c3f07243e60d5a425fac7b2eab17c0328f6318c74245143c91aa3fd51466ca1"
"md","README","bmm","bmad/bmm/workflows/testarch/test-design/README.md","292deef370b5a7fc92c0d25fcff337e3908d1ddb4cb333f2bdab82104459da21"
"md","README","bmm","bmad/bmm/workflows/testarch/test-review/README.md","08ba52231bda562e69d4211e5fb54d703c3e9ed5db9f9eda717d83134be15dea"
"md","README","bmm","bmad/bmm/workflows/testarch/trace/README.md","b9a280d698089af40eef690a158a051fe45c1581f0716e5b33f1de9d2a848de6"
"md","README","bmm","bmad/bmm/workflows/workflow-status/README.md","c22cab2637cd6ce53a487abbf70120d564540235c2ee681ed2636422996acc36"
"md","risk-governance","bmm","bmad/bmm/testarch/knowledge/risk-governance.md","2fa2bc3979c4f6d4e1dec09facb2d446f2a4fbc80107b11fc41cbef2b8d65d68"
"md","selective-testing","bmm","bmad/bmm/testarch/knowledge/selective-testing.md","c14c8e1bcc309dbb86a60f65bc921abf5a855c18a753e0c0654a108eb3eb1f1c"
"md","selector-resilience","bmm","bmad/bmm/testarch/knowledge/selector-resilience.md","a55c25a340f1cd10811802665754a3f4eab0c82868fea61fea9cc61aa47ac179"
"md","sm","bmm","bmad/bmm/agents/sm.md","e7db6a49daafba9293ab2955c171536a53489b269b462d1f61bd4f5618d3047c"
"md","source-tree-template","bmm","bmad/bmm/workflows/document-project/templates/source-tree-template.md","109bc335ebb22f932b37c24cdc777a351264191825444a4d147c9b82a1e2ad7a"
"md","tea","bmm","bmad/bmm/agents/tea.md","97a2cf3d200a9ed038559a4c524e9b333f4d37cff480e976a9a4a292de63df3a"
"md","tech-spec-template","bmm","bmad/bmm/workflows/2-plan-workflows/tech-spec/tech-spec-template.md","d02cdd43dea4025d2b691e05b458fc24129e87f98cf18598d742e55c1ae84c70"
"md","template","bmm","bmad/bmm/workflows/1-analysis/product-brief/template.md","6e80489578bf0908c70742b36997007ea3978bcd14af7ee6b1dca5d54679090e"
"md","template","bmm","bmad/bmm/workflows/3-solutioning/solutioning-gate-check/template.md","11c3b7573991c001a7f7780daaf5e5dfa4c46c3ea1f250c5bbf86c5e9f13fc8b"
"md","template","bmm","bmad/bmm/workflows/4-implementation/create-story/template.md","83c5d21312c0f2060888a2a8ba8332b60f7e5ebeb9b24c9ee59ba96114afb9c9"
"md","template","bmm","bmad/bmm/workflows/4-implementation/epic-tech-context/template.md","b5c5d0686453b7c9880d5b45727023f2f6f8d6e491b47267efa8f968f20074e3"
"md","template-deep-prompt","bmm","bmad/bmm/workflows/1-analysis/research/template-deep-prompt.md","2e65c7d6c56e0fa3c994e9eb8e6685409d84bc3e4d198ea462fa78e06c1c0932"
"md","template-market","bmm","bmad/bmm/workflows/1-analysis/research/template-market.md","28631d8693beac54f4b47f38b143d5efc91f8ed7673e396a7b40304db7eba6cb"
"md","template-technical","bmm","bmad/bmm/workflows/1-analysis/research/template-technical.md","6f571c638c9d2f12ded2cf82ed7c5064a25e99f197fcd42dc558cb45e7ebaf93"
"md","test-design-template","bmm","bmad/bmm/workflows/testarch/test-design/test-design-template.md","ccf81b14ec366cbd125a1cdebe40f07fcf7a9789b0ecc3e57111fc4526966d46"
"md","test-healing-patterns","bmm","bmad/bmm/testarch/knowledge/test-healing-patterns.md","b44f7db1ebb1c20ca4ef02d12cae95f692876aee02689605d4b15fe728d28fdf"
"md","test-levels-framework","bmm","bmad/bmm/testarch/knowledge/test-levels-framework.md","80bbac7959a47a2e7e7de82613296f906954d571d2d64ece13381c1a0b480237"
"md","test-priorities-matrix","bmm","bmad/bmm/testarch/knowledge/test-priorities-matrix.md","321c3b708cc19892884be0166afa2a7197028e5474acaf7bc65c17ac861964a5"
"md","test-quality","bmm","bmad/bmm/testarch/knowledge/test-quality.md","97b6db474df0ec7a98a15fd2ae49671bb8e0ddf22963f3c4c47917bb75c05b90"
"md","test-review-template","bmm","bmad/bmm/workflows/testarch/test-review/test-review-template.md","3e68a73c48eebf2e0b5bb329a2af9e80554ef443f8cd16652e8343788f249072"
"md","timing-debugging","bmm","bmad/bmm/testarch/knowledge/timing-debugging.md","c4c87539bbd3fd961369bb1d7066135d18c6aad7ecd70256ab5ec3b26a8777d9"
"md","trace-template","bmm","bmad/bmm/workflows/testarch/trace/trace-template.md","5453a8e4f61b294a1fc0ba42aec83223ae1bcd5c33d7ae0de6de992e3ee42b43"
"md","user-story-template","bmm","bmad/bmm/workflows/2-plan-workflows/tech-spec/user-story-template.md","bbe87bdbf7ec6096115bb6b41faf431837b06b208286f2f86afc459a278624c8"
"md","ux-design-template","bmm","bmad/bmm/workflows/2-plan-workflows/create-ux-design/ux-design-template.md","f9b8ae0fe08c6a23c63815ddd8ed43183c796f266ffe408f3426af1f13b956db"
"md","ux-designer","bmm","bmad/bmm/agents/ux-designer.md","2913eebbc6eeff757ef08e8d42c68730ba3f6837d311fcbbe647a161a16b36cf"
"md","visual-debugging","bmm","bmad/bmm/testarch/knowledge/visual-debugging.md","072a3d30ba6d22d5e628fc26a08f6e03f8b696e49d5a4445f37749ce5cd4a8a9"
"xml","context-template","bmm","bmad/bmm/workflows/4-implementation/story-context/context-template.xml","6b88d07ff10f51bb847d70e02f22d8927beb6ef1e55d5acf647e8f23b5821921"
"xml","daily-standup","bmm","bmad/bmm/tasks/daily-standup.xml","667194d00272fd2204ed0712c934778f0d20de62f6c09dfc5080e7700239ca36"
"xml","retrospective","bmm","bmad/bmm/tasks/retrospective.xml","0c7ed9b6a5a590a58f35fca3f9d04e548bb62fb3e9bd0c8e22df24c1dc905c7b"
"yaml","analyst.agent","bmm","bmad/bmm/agents/analyst.agent.yaml",""
"yaml","architect.agent","bmm","bmad/bmm/agents/architect.agent.yaml",""
"yaml","architecture-patterns","bmm","bmad/bmm/workflows/3-solutioning/architecture/architecture-patterns.yaml","9394c1e632e01534f7a1afd676de74b27f1868f58924f21b542af3631679c552"
"yaml","brownfield-level-0","bmm","bmad/bmm/workflows/workflow-status/paths/brownfield-level-0.yaml","3178af1e3701957f1df42a8bc63062354f505ead025aa0d7b8e5b50cf1e28619"
"yaml","brownfield-level-1","bmm","bmad/bmm/workflows/workflow-status/paths/brownfield-level-1.yaml","3556bfa4d68d152efa04e7148558595bb235ebe31569c8f20aa67f62fc82e901"
"yaml","brownfield-level-2","bmm","bmad/bmm/workflows/workflow-status/paths/brownfield-level-2.yaml","657be9fe225323e12039462b39e922819c7151889769ead02e53272669d64e2c"
"yaml","brownfield-level-3","bmm","bmad/bmm/workflows/workflow-status/paths/brownfield-level-3.yaml","5a0fde804bc1af8beb02ed62fbe4c91521bfc2535023f569b795c01fca7df0ee"
"yaml","brownfield-level-4","bmm","bmad/bmm/workflows/workflow-status/paths/brownfield-level-4.yaml","2a73e1c1905522ed54a70cd606d4573edb66a6d789e93df6867b69b5dd84b7b8"
"yaml","config","bmm","bmad/bmm/config.yaml","bf390ccdc365b2d67efffefcccb6058ce0a16a0d9986e96dbf4c8772da31e4ef"
"yaml","decision-catalog","bmm","bmad/bmm/workflows/3-solutioning/architecture/decision-catalog.yaml","f7fc2ed6ec6c4bd78ec808ad70d24751b53b4835e0aad1088057371f545d3c82"
"yaml","deep-dive","bmm","bmad/bmm/workflows/document-project/workflows/deep-dive.yaml","5bba01ced6a5a703afa9db633cb8009d89fe37ceaa19b012cb4146ff5df5d361"
"yaml","dev.agent","bmm","bmad/bmm/agents/dev.agent.yaml",""
"yaml","full-scan","bmm","bmad/bmm/workflows/document-project/workflows/full-scan.yaml","0a9c4d6caa66ab51c3a9122956821bcd8b5c17207e845bfa1c4dccaef81afbb9"
"yaml","game-design","bmm","bmad/bmm/workflows/workflow-status/paths/game-design.yaml","9f8f86788fa4a39cb3063c7fc9e6c6bb96396cc0e9813a4014567556f0808956"
"yaml","github-actions-template","bmm","bmad/bmm/workflows/testarch/ci/github-actions-template.yaml","28c0de7c96481c5a7719596c85dd0ce8b5dc450d360aeaa7ebf6294dcf4bea4c"
"yaml","gitlab-ci-template","bmm","bmad/bmm/workflows/testarch/ci/gitlab-ci-template.yaml","bc83b9240ad255c6c2a99bf863b9e519f736c99aeb4b1e341b07620d54581fdc"
"yaml","greenfield-level-0","bmm","bmad/bmm/workflows/workflow-status/paths/greenfield-level-0.yaml","2822603b914ec7b6ab781c5086251c37c1ab8613d8c3e71d39499affd10725e1"
"yaml","greenfield-level-1","bmm","bmad/bmm/workflows/workflow-status/paths/greenfield-level-1.yaml","0e5fa26bec70923d6e7267be6be61eb965276a77440bf528c87f14f79a87950d"
"yaml","greenfield-level-2","bmm","bmad/bmm/workflows/workflow-status/paths/greenfield-level-2.yaml","af061b8b42550ce26e48c7daeaf59e03108ad8f41b05b7ee0022c8a97c3bbcba"
"yaml","greenfield-level-3","bmm","bmad/bmm/workflows/workflow-status/paths/greenfield-level-3.yaml","3f906d8fc15a4892a6657d84770703376b73253cfaf7cb69c9fdfbce0b97b76c"
"yaml","greenfield-level-4","bmm","bmad/bmm/workflows/workflow-status/paths/greenfield-level-4.yaml","1199c9974b40758d63adc10a60600683adc9b1c7be5587c80b3eff7155b73937"
"yaml","injections","bmm","bmad/bmm/workflows/1-analysis/research/claude-code/injections.yaml","dd6dd6e722bf661c3c51d25cc97a1e8ca9c21d517ec0372e469364ba2cf1fa8b"
"yaml","pm.agent","bmm","bmad/bmm/agents/pm.agent.yaml",""
"yaml","project-levels","bmm","bmad/bmm/workflows/workflow-status/project-levels.yaml","09d810864558bfbc5a83ed8989847a165bd59119dfe420194771643daff6c813"
"yaml","sample-level-3-workflow","bmm","bmad/bmm/workflows/workflow-status/sample-level-3-workflow.yaml","036b27d39d3a845abed38725d816faca1452651c0b90f30f6e3adc642c523c6f"
"yaml","sm.agent","bmm","bmad/bmm/agents/sm.agent.yaml",""
"yaml","sprint-status-template","bmm","bmad/bmm/workflows/4-implementation/sprint-planning/sprint-status-template.yaml","314af29f980b830cc2f67b32b3c0c5cc8a3e318cc5b2d66ff94540e5c80e3aca"
"yaml","tea.agent","bmm","bmad/bmm/agents/tea.agent.yaml",""
"yaml","team-fullstack","bmm","bmad/bmm/teams/team-fullstack.yaml","f6e12ad099bbcc048990ea9c0798587b044880f17494dbce0b9dd35a7a674d05"
"yaml","team-gamedev","bmm","bmad/bmm/teams/team-gamedev.yaml","aa6cad296fbe4a967647f378fcd9c2eb2e4dbedfea72029f54d1cae5e2a67e27"
"yaml","ux-designer.agent","bmm","bmad/bmm/agents/ux-designer.agent.yaml",""
"yaml","validation-criteria","bmm","bmad/bmm/workflows/3-solutioning/solutioning-gate-check/validation-criteria.yaml","d690edf5faf95ca1ebd3736e01860b385b05566da415313d524f4db12f9a5af4"
"yaml","workflow","bmm","bmad/bmm/workflows/1-analysis/brainstorm-project/workflow.yaml","9fa9d8a3e3467e00b9ba187f91520760751768b56fa14a325cc166e708067afb"
"yaml","workflow","bmm","bmad/bmm/workflows/1-analysis/product-brief/workflow.yaml","c1aa1d6e2306f19fd4dd64c57f21bc972f612cdbe3a580fef18f693927d41257"
"yaml","workflow","bmm","bmad/bmm/workflows/1-analysis/research/workflow.yaml","94ef49500ae77c46cbee31d81a998c890a102100ab1043954238da03a35d8581"
"yaml","workflow","bmm","bmad/bmm/workflows/2-plan-workflows/create-ux-design/workflow.yaml","a4f11f195af034f0a74199229e1155768e0e66608685040b221f0394474a51fb"
"yaml","workflow","bmm","bmad/bmm/workflows/2-plan-workflows/narrative/workflow.yaml","69a6223af100fe63486bfcf72706435701f11cc464021ef8fe812a572b17436b"
"yaml","workflow","bmm","bmad/bmm/workflows/2-plan-workflows/prd/workflow.yaml","9075aabf10fe80ea52c8d0629808bdf11fc5c3424bb49674f5981da941c11963"
"yaml","workflow","bmm","bmad/bmm/workflows/2-plan-workflows/tech-spec/workflow.yaml","af60415d9b2291e3e155ef3a2c942e9f6f8fc37d700318b15cf7c5dc610ed62c"
"yaml","workflow","bmm","bmad/bmm/workflows/3-solutioning/architecture/workflow.yaml","a9fedea91d93158119fd73b70d158752085c2ba5ac2d43fb07793beedb59cd6d"
"yaml","workflow","bmm","bmad/bmm/workflows/3-solutioning/solutioning-gate-check/workflow.yaml","92404d8faf3b649a46cad7b14e9f747570c929cb4cb34caec42e54c05bdceaab"
"yaml","workflow","bmm","bmad/bmm/workflows/4-implementation/code-review/workflow.yaml","cc070ee10b5fa4cc211c43ee9d857e1777215ad18591c36d5377db5fd825e89d"
"yaml","workflow","bmm","bmad/bmm/workflows/4-implementation/correct-course/workflow.yaml","29fd40a0b4b16cba64462224732101de2c9050206c0c77dd555399ba8273fb5d"
"yaml","workflow","bmm","bmad/bmm/workflows/4-implementation/create-story/workflow.yaml","8c1b5b9b2ff9ebb0bb661ccebd52e38cf4269c0f84c0ee9c9ca8f8fd9e509a2f"
"yaml","workflow","bmm","bmad/bmm/workflows/4-implementation/dev-story/workflow.yaml","96703263763717900ab1695de19a558c817a472e007af24b380f238c59a4c78d"
"yaml","workflow","bmm","bmad/bmm/workflows/4-implementation/epic-tech-context/workflow.yaml","63f3edf30ee74ea3994de26e9f640e85189acedc73b4a97fff480c8905d3f375"
"yaml","workflow","bmm","bmad/bmm/workflows/4-implementation/retrospective/workflow.yaml","723f18099e495d61f4826f60772d8ef50f688c3327a89a61e6afe4fdeab8cd1d"
"yaml","workflow","bmm","bmad/bmm/workflows/4-implementation/sprint-planning/workflow.yaml","1aa59221deeb1f932fa9e12fb615064174f0b7cd3ad8107c5c9d1dc16171a7de"
"yaml","workflow","bmm","bmad/bmm/workflows/4-implementation/story-context/workflow.yaml","d59b37f5da34a07dbd81dcf5b89ce5eabb91344d22aa2bc949e4459778b048d7"
"yaml","workflow","bmm","bmad/bmm/workflows/4-implementation/story-done/workflow.yaml","9edfac176cc3919bbf753e8671c38fb98a210f6a68c341abbf0cc39633435043"
"yaml","workflow","bmm","bmad/bmm/workflows/4-implementation/story-ready/workflow.yaml","7c59d8ffaacb9982014fdad8c95ac1a99985ee4641a33130f251cc696fcf6bde"
"yaml","workflow","bmm","bmad/bmm/workflows/document-project/workflow.yaml","a257aec6e0b2aa1eb935ae2291fbd8aeb83a93e17c5882d37d92adfe25fbbed8"
"yaml","workflow","bmm","bmad/bmm/workflows/testarch/atdd/workflow.yaml","b1bc5f8101fabf3fd1dd725d3fd1e5d8568e5497856ccf0556c86a0435214d95"
"yaml","workflow","bmm","bmad/bmm/workflows/testarch/automate/workflow.yaml","44b21e50e8419dbfdfbf7281b61f9e6f6630f4e9cf720fbe5e54b236d9d5e90d"
"yaml","workflow","bmm","bmad/bmm/workflows/testarch/ci/workflow.yaml","de89801ec80bd7e13c030a2912b4eee8992e8e2bfd020b59f85466d3569802f9"
"yaml","workflow","bmm","bmad/bmm/workflows/testarch/framework/workflow.yaml","72786ba1124a51e52acc825a340dcfda2188432ee6514f9e6e30b3bd0ef95123"
"yaml","workflow","bmm","bmad/bmm/workflows/testarch/nfr-assess/workflow.yaml","f7b005bf1af420693a8415b246bf4e87d827364cde09003649e6c234e6a4c5dc"
"yaml","workflow","bmm","bmad/bmm/workflows/testarch/test-design/workflow.yaml","13c1255f250701a176dcc9d50f3acfcb0d310a2a15da92af56d658b2ed78e5c2"
"yaml","workflow","bmm","bmad/bmm/workflows/testarch/test-review/workflow.yaml","19a389464ae744d5dd149e46c58beffb341cecc52198342a7c342cd3895d22f2"
"yaml","workflow","bmm","bmad/bmm/workflows/testarch/trace/workflow.yaml","9e112a5d983d7b517e22f20b815772e38f42d2568a4dcb7d8eb5afaf9e246963"
"yaml","workflow","bmm","bmad/bmm/workflows/workflow-status/init/workflow.yaml","e819d5ede67717bce20db57913029252f2374b77215f538d678f4a548caa7925"
"yaml","workflow","bmm","bmad/bmm/workflows/workflow-status/workflow.yaml","d50d6e5593b871a197a67af991efec5204f354fd6b2ffe93790c9107bdb334c9"
"yaml","workflow-status-template","bmm","bmad/bmm/workflows/workflow-status/workflow-status-template.yaml","5785dffc656a2c57cd61a54822d28a928de17bf9c2fc2c7d1f0ad2b324143f1c"
"csv","adv-elicit-methods","core","bmad/core/tasks/adv-elicit-methods.csv","b4e925870f902862899f12934e617c3b4fe002d1b652c99922b30fa93482533b"
"csv","brain-methods","core","bmad/core/workflows/brainstorming/brain-methods.csv","ecffe2f0ba263aac872b2d2c95a3f7b1556da2a980aa0edd3764ffb2f11889f3"
"md","bmad-master","core","bmad/core/agents/bmad-master.md","da52edd5ab4fd9a189c3e27cc8d114eeefe0068ff85febdca455013b8c85da1a"
"md","instructions","core","bmad/core/workflows/brainstorming/instructions.md","20c57ede11289def7927b6ef7bb69bd7a3deb9468dc08e93ee057f98a906e7f0"
"md","instructions","core","bmad/core/workflows/party-mode/instructions.md","28e48c7a05e1f17ad64c0cc701a2ba60e385cd4704c726a14d4b886d885306ab"
"md","README","core","bmad/core/workflows/brainstorming/README.md","4b81a01b94d6f9eda24a7adeb6cd4a2762482a9003859391a78226427b70d287"
"md","template","core","bmad/core/workflows/brainstorming/template.md","b5c760f4cea2b56c75ef76d17a87177b988ac846657f4b9819ec125d125b7386"
"xml","adv-elicit","core","bmad/core/tasks/adv-elicit.xml","94f004a336e434cd231de35eb864435ac51cd5888e9befe66e326eb16497121e"
"xml","bmad-web-orchestrator.agent","core","bmad/core/agents/bmad-web-orchestrator.agent.xml","91a5c1b660befa7365f427640b4fa3dbb18f5e48cd135560303dae0939dccf12"
"xml","index-docs","core","bmad/core/tasks/index-docs.xml","38226219c7dbde1c1dabcd87214383a6bfb2d0a7e79e09a9c79dd6be851b7e64"
"xml","shard-doc","core","bmad/core/tools/shard-doc.xml","7de178b7269fbe8e65774622518db871f7d00cfac1bb5693cba8c1ca3ca8cdff"
"xml","validate-workflow","core","bmad/core/tasks/validate-workflow.xml","1e8c569d8d53e618642aa1472721655cb917901a5888a7b403a98df4db2f26bf"
"xml","workflow","core","bmad/core/tasks/workflow.xml","0b2b7bd184e099869174cc8d9125fce08bcd3fd64fad50ff835a42eccf6620e2"
"yaml","bmad-master.agent","core","bmad/core/agents/bmad-master.agent.yaml",""
"yaml","config","core","bmad/core/config.yaml","c58b4e6bd08181cb5a4dbd3a0d0859b7572e039c69234532b3d8f9466fe4f9d3"
"yaml","workflow","core","bmad/core/workflows/brainstorming/workflow.yaml","74038fa3892c4e873cc79ec806ecb2586fc5b4cf396c60ae964a6a71a9ad4a3d"
"yaml","workflow","core","bmad/core/workflows/party-mode/workflow.yaml","04558885b784b4731f37465897b9292a756f64c409bd76dcc541407d50501605"
